﻿{
   "CodeGenerationMode": 4,
   "ContextClassName": "SWP391Context",
   "ContextNamespace": null,
   "FilterSchemas": false,
   "IncludeConnectionString": false,
   "ModelNamespace": null,
   "OutputContextPath": null,
   "OutputPath": "..\/..\/Skincare.BusinessObjects\/Entities",
   "PreserveCasingWithRegex": true,
   "ProjectRootNamespace": "Skincare.Repositories",
   "Schemas": null,
   "SelectedHandlebarsLanguage": 2,
   "SelectedToBeGenerated": 0,
   "T4TemplatePath": null,
   "Tables": [
      {
         "Name": "[dbo].[Account]",
         "ObjectType": 0
      },
      {
         "Name": "[dbo].[BlogCategory]",
         "ObjectType": 0
      },
      {
         "Name": "[dbo].[BlogPost]",
         "ObjectType": 0
      },
      {
         "Name": "[dbo].[Branch]",
         "ObjectType": 0
      },
      {
         "Name": "[dbo].[Cart]",
         "ObjectType": 0
      },
      {
         "Name": "[dbo].[CustomerTest]",
         "ObjectType": 0
      },
      {
         "Name": "[dbo].[FAQ]",
         "ObjectType": 0
      },
      {
         "Name": "[dbo].[Inventory]",
         "ObjectType": 0
      },
      {
         "Name": "[dbo].[Order]",
         "ObjectType": 0
      },
      {
         "Name": "[dbo].[OrderItem]",
         "ObjectType": 0
      },
      {
         "Name": "[dbo].[Product]",
         "ObjectType": 0
      },
      {
         "Name": "[dbo].[ProductSkinType]",
         "ObjectType": 0
      },
      {
         "Name": "[dbo].[ProductType]",
         "ObjectType": 0
      },
      {
         "Name": "[dbo].[Quiz]",
         "ObjectType": 0
      },
      {
         "Name": "[dbo].[QuizAnswer]",
         "ObjectType": 0
      },
      {
         "Name": "[dbo].[Review]",
         "ObjectType": 0
      },
      {
         "Name": "[dbo].[SkinCareRoutine]",
         "ObjectType": 0
      },
      {
         "Name": "[dbo].[SkinType]",
         "ObjectType": 0
      },
      {
         "Name": "[dbo].[Transaction]",
         "ObjectType": 0
      },
      {
         "Name": "[dbo].[Voucher]",
         "ObjectType": 0
      }
   ],
   "UiHint": null,
   "UncountableWords": null,
   "UseAsyncStoredProcedureCalls": true,
   "UseBoolPropertiesWithoutDefaultSql": false,
   "UseDatabaseNames": false,
   "UseDatabaseNamesForRoutines": true,
   "UseDateOnlyTimeOnly": true,
   "UseDbContextSplitting": false,
   "UseDecimalDataAnnotationForSprocResult": true,
   "UseFluentApiOnly": true,
   "UseHandleBars": false,
   "UseHierarchyId": false,
   "UseInflector": true,
   "UseInternalAccessModifiersForSprocsAndFunctions": false,
   "UseLegacyPluralizer": false,
   "UseManyToManyEntity": false,
   "UseNoDefaultConstructor": false,
   "UseNoNavigations": false,
   "UseNoObjectFilter": false,
   "UseNodaTime": false,
   "UseNullableReferences": false,
   "UsePrefixNavigationNaming": false,
   "UseSchemaFolders": false,
   "UseSchemaNamespaces": false,
   "UseSpatial": false,
   "UseT4": false,
   "UseT4Split": false
}